id,name,relationship,relative,relativename
Q100205,Jakob Graf zu Eltz,child,Q15088236,Johannes Eltz
Q100205,Jakob Graf zu Eltz,child,Q75296114,Karl Graf von und zu Eltz genannt Faust von Stromberg
Q100205,Jakob Graf zu Eltz,child,Q75296121,Michael Graf von und zu Eltz genannt Faust von Stromberg
Q100205,Jakob Graf zu Eltz,child,Q75296123,Georg Graf von und zu Eltz genannt Faust von Stromberg
Q100205,Jakob Graf zu Eltz,child,Q75296126,Lidvine Gräfin und Edle Herrin von und zu Eltz genannt Faust von Stromberg
Q100205,Jakob Graf zu Eltz,child,Q75296139,Maria Assunta Gräfin und Edle Herrin von und zu Eltz genannt Faust von Stromberg
Q100205,Jakob Graf zu Eltz,child,Q75296150,Christiane zu Eltz
Q100205,Jakob Graf zu Eltz,child,Q75296159,Johanna Gräfin und Edle Herrin von und zu Eltz genannt Faust von Stromberg
Q100205,Jakob Graf zu Eltz,child,Q75296165,Benedikta Gräfin und Edler Herr von und zu Eltz genannt Faust von Stromberg
Q100205,Jakob Graf zu Eltz,father,Q107274485,Karl Graf von Eltz gen. Faust von Stromberg
Q100205,Jakob Graf zu Eltz,mother,Q75322669,Marie Sophia Prinzessin zu Löwenstein-Wertheim-Rochefort
Q100205,Jakob Graf zu Eltz,spouse,Q75287835,Ladislaja Baronin Mayr von Melnhof
Q10294464,Helena Roseta,child,Q107019540,Filipa Roseta
Q10347591,Pedro Manuel da Cruz Roseta,child,Q107019540,Filipa Roseta
Q10652,Alex Salmond,mother,Q97971330,Mary Stewart Salmond
Q1082481,Per-Kristian Foss,spouse,Q4998925,Jan Erik Knarbakk
Q10853676,Marie Krarup,father,Q7666571,Søren Krarup
Q10853676,Marie Krarup,sibling,Q12321586,Katrine Winkel Holm
Q1091143,Anastasios Papaligouras,child,Q23645746,Léna Papaligoúra
Q1091143,Anastasios Papaligouras,father,Q12236394,Panagis Papaligoúras
Q1091143,Anastasios Papaligouras,spouse,Q26720202,Zaira Papaligouras
Q10985643,Humfrey Malins,sibling,Q14945562,Julian Malins
Q11686111,Andrzej Wielowieyski,child,Q115308618,Agnieszka Wielowieyska
Q11686111,Andrzej Wielowieyski,child,Q9209878,Dominika Wielowieyska
Q11686111,Andrzej Wielowieyski,father,Q106954701,Zbigniew Wielowieyski
Q11686111,Andrzej Wielowieyski,spouse,Q115305601,Zofia Wielowieyska
Q11749720,Krzysztof Szczerski,sibling,Q9153706,Andrzej Szczerski
Q11797866,Olga Krzyżanowska,spouse,Q16562808,Jerzy Krzyżanowski
Q1183377,Deirdre Clune,father,Q2073804,Peter Barry
Q11860,Silvio Berlusconi,child,Q18235147,Luigi Berlusconi
Q11860,Silvio Berlusconi,child,Q25210469,Eleonora Berlusconi
Q11860,Silvio Berlusconi,child,Q3634593,Barbara Berlusconi
Q11860,Silvio Berlusconi,child,Q468797,Marina Berlusconi
Q11860,Silvio Berlusconi,child,Q940243,Pier Silvio Berlusconi
Q11860,Silvio Berlusconi,father,Q15291073,Luigi Berlusconi
Q11860,Silvio Berlusconi,mother,Q15291074,Rosa Bossi
Q11860,Silvio Berlusconi,partner,Q55281541,Marta Fascina
Q11860,Silvio Berlusconi,sibling,Q15291085,Maria Antonietta Berlusconi
Q11860,Silvio Berlusconi,sibling,Q2050307,Paolo Berlusconi
Q11860,Silvio Berlusconi,spouse,Q15291055,Carla Dall'Oglio
Q11860,Silvio Berlusconi,spouse,Q268099,Veronica Lario
Q11936739,Miguel Barceló Pérez,child,Q11955794,Ángela María Barceló Martorell
Q11936739,Miguel Barceló Pérez,relative,Q3048400,Eduardo Zaplana
Q11985459,Václav Exner,child,Q108872641,Martin Exner
Q1201565,"Detta O'Cathain, Baroness O'Cathain",father,Q76289569,Caoimhghin O'Cathain
Q1201565,"Detta O'Cathain, Baroness O'Cathain",spouse,Q76289570,William Ernest John Bishop
Q12025624,Jiří Zlatuška,child,Q64712014,Kamila Zlatušková
Q12026149,Josef Jařab,child,Q17277104,Jan Jařab
Q12036669,Michaela Šojdrová,mother,Q11985171,Eva Nováková
Q1208810,"Diana Eccles, Viscountess Eccles",child,Q75907225,William David Eccles
Q1208810,"Diana Eccles, Viscountess Eccles",child,Q75907233,Alice Belinda Eccles
Q1208810,"Diana Eccles, Viscountess Eccles",child,Q75907246,Catherine Sara Eccles
Q1208810,"Diana Eccles, Viscountess Eccles",child,Q75907253,Emily Frances Eccles
Q1208810,"Diana Eccles, Viscountess Eccles",father,Q75907306,Raymond Wilson Sturge
Q1208810,"Diana Eccles, Viscountess Eccles",mother,Q75907309,Margaret Sylvia Keep
Q1208810,"Diana Eccles, Viscountess Eccles",spouse,Q1699919,"John Eccles, 2nd Viscount Eccles"
Q12119499,Oleh Liashko,partner,Q22138148,Tetiana Yuzkova
Q12119499,Oleh Liashko,spouse,Q103167078,Rosita Liashko
Q12119499,Oleh Liashko,spouse,Q22138148,Tetiana Yuzkova
Q12149573,Pavlo Riabikin,father,Q20095820,Рябікін Борис Олександрович
Q1225368,Orest Klympush,child,Q20067554,Ivanna Klympush-Tsintsadze
Q1225368,Orest Klympush,father,Q749006,Dmitro Ivanovics Klimpus
Q12316339,Henrik Dahl,spouse,Q531054,Christine Antorini
Q12323860,Lars Kramer Mikkelsen,sibling,Q1687259,Jens Kramer Mikkelsen
Q12331726,Peter Skaarup,mother,Q12303586,Birthe Skaarup
Q12336452,Sophie Løhde,mother,Q12321347,Karin Løhde
Q12338511,Søren Espersen,child,Q115013941,Susie Jessen
Q12338511,Søren Espersen,relative,Q17142887,Rikke Karlsson
Q12359337,Anti Liiv,child,Q16406473,Innar Liiv
Q12359337,Anti Liiv,spouse,Q16406494,Suliko Liiv
Q12368739,Liisa Pakosta,child,Q108673549,Helena Maria Reisner
Q1243853,"Doreen Massey, Baroness Massey of Darwen",child,Q76266078,Owen John Massey
Q1243853,"Doreen Massey, Baroness Massey of Darwen",child,Q76266079,Benjamin James Massey
Q1243853,"Doreen Massey, Baroness Massey of Darwen",child,Q76266080,Elizabeth Caitlin Massey
Q1243853,"Doreen Massey, Baroness Massey of Darwen",father,Q76266073,Jack Hall
Q1243853,"Doreen Massey, Baroness Massey of Darwen",mother,Q76266074,Mary Ann Sharrock
Q1243853,"Doreen Massey, Baroness Massey of Darwen",spouse,Q76266076,Leslie Massey
Q1249701,Zoltán Rockenbauer,father,Q1249691,Pál Rockenbauer
Q1254,Kofi Annan,child,Q56161645,Ama Annan
Q1254,Kofi Annan,child,Q56161653,Nina Cronstedt
Q1254,Kofi Annan,child,Q720665,Kojo Annan
Q1254,Kofi Annan,father,Q56161718,Henry Reginald Annan
Q1254,Kofi Annan,mother,Q56161700,Rose Eshun
Q1254,Kofi Annan,sibling,Q24481012,Kobina Annan
Q1254,Kofi Annan,sibling,Q56161782,Efua Atta
Q1254,Kofi Annan,spouse,Q3742229,Nane Annan
Q1254,Kofi Annan,spouse,Q56161612,Titi Alakija
Q1274581,Peter Schieder,child,Q500389,Andreas Schieder
Q1285208,Sefer Halilović,child,Q18609295,Semir Halilović
Q12866195,Levan Berdzenishvili,sibling,Q12863555,Davit Berdzenishvili
Q12881047,Miltiades Varvitsiotis,father,Q1428443,Ioannis Varvitsiotis
Q1296492,Efraim Sneh,father,Q1338975,Moshe Sneh
Q13043722,Olta Xhaçka,spouse,Q19931525,Artan Gaçi
Q13105458,Yves Cruchten,father,Q66720374,Alphonse Cruchten
Q1317281,Miguel Arias Cañete,spouse,Q99976362,Micaela Domecq Solís-Beaumont
Q1329839,Elisabeth Motschmann,child,Q15456406,Johannes Motschmann
Q1329839,Elisabeth Motschmann,spouse,Q1687298,Jens Motschmann
Q1338185,Morten Messerschmidt,partner,Q12308875,Dot Wessmann
Q1345946,Tunne Kelam,father,Q12372240,Peeter Sink
Q1345946,Tunne Kelam,mother,Q12369826,Marje Sink
Q1345946,Tunne Kelam,sibling,Q1791426,Kuldar Sink
Q1345946,Tunne Kelam,spouse,Q12369727,Mari-Ann Kelam
Q1361333,Viktor Uspaskich,spouse,Q12657550,Jolanta Blažytė
Q1374371,Jaroslav Lobkowicz,child,Q75380418,Vladimir Prinz von Lobkowicz
Q1374371,Jaroslav Lobkowicz,child,Q75380419,Jaroslav Prince of Lobkowicz
Q1374371,Jaroslav Lobkowicz,child,Q75380421,Philippe Prinz von Lobkowicz
Q1374371,Jaroslav Lobkowicz,father,Q15124033,Jaroslav Claude of Lobkowicz
Q1374371,Jaroslav Lobkowicz,mother,Q55807497,Gabriela Korff-Schmising-Kerssenbrock
Q1374371,Jaroslav Lobkowicz,sibling,Q10857519,Filip Zdeněk Lobkowicz
Q1374371,Jaroslav Lobkowicz,sibling,Q324042,František Lobkowicz
Q1374371,Jaroslav Lobkowicz,sibling,Q65938587,Polyxena Czerninová
Q1374371,Jaroslav Lobkowicz,spouse,Q75380416,Elizabeth de Vienne
Q1380540,Matan Vilnai,father,Q2335167,Zev Vilnay
Q1382032,Frank Mahovlich,sibling,Q432389,Peter Mahovlich
Q1382799,Rik Daems,spouse,Q2020669,Sophie Pécriaux
Q1396439,Giorgi Gabashvili,father,Q6322997,Konstantine Gabashvili
Q1399049,Ignasi Guardans,father,Q11944599,Ramon Guardans i Vallès
Q1399049,Ignasi Guardans,mother,Q11925350,Helena Cambó i Mallol
Q1399049,Ignasi Guardans,relative,Q379354,Francesc Cambó
Q1399049,Ignasi Guardans,relative,Q65966567,Mercè Mallol i Codina
Q1399049,Ignasi Guardans,sibling,Q108479041,Pau Guardans i Cambó
Q1399049,Ignasi Guardans,sibling,Q17031085,Francesc Guardans i Cambó
Q1399049,Ignasi Guardans,sibling,Q19300189,Jordi Guardans i Cambó
Q1399049,Ignasi Guardans,sibling,Q77249788,Rafael Guardans Cambó
Q144205,Ben Fayot,child,Q16439160,Franz Fayot
Q1443517,"Frank Judd, Baron Judd",child,Q76189265,Elizabeth Helen Louise Judd
Q1443517,"Frank Judd, Baron Judd",father,Q76112567,Charles Wilfred Judd
Q1443517,"Frank Judd, Baron Judd",mother,Q76189259,Helen Osborn Ashcroft
Q1443517,"Frank Judd, Baron Judd",spouse,Q76189261,Christine Elizabeth Louise Willington
Q1453245,Mart Helme,child,Q12369391,Maarja Vaino
Q1453245,Mart Helme,child,Q12369924,Martin Helme
Q1453245,Mart Helme,father,Q50375750,Enn Helme
Q1453245,Mart Helme,mother,Q50375752,Äge Helme
Q1453245,Mart Helme,relative,Q12362142,Enn Auksmann
Q1453245,Mart Helme,sibling,Q16407924,Rein Helme
Q1453245,Mart Helme,sibling,Q60686547,Reet Auksmann
Q1453245,Mart Helme,spouse,Q16405654,Sirje Helme
Q1453245,Mart Helme,spouse,Q26695944,Helle-Moonika Helme
Q1459658,Viktor Yanukovych,child,Q3209269,Oleksandr Yanukovych
Q1459658,Viktor Yanukovych,child,Q3460875,Viktor Yanukovych
Q1459658,Viktor Yanukovych,spouse,Q4538301,Lyudmila Yanukovych
Q1464137,Pierre-Alain Gentil,spouse,Q3015005,Danielle Marcotte
Q14894348,Rósa Björk Brynjólfsdóttir,spouse,Q14894200,Kristján Guy Burgess
Q1507362,"George Foulkes, Baron Foulkes of Cumnock",father,Q75450423,George Foulkes
Q1507362,"George Foulkes, Baron Foulkes of Cumnock",mother,Q75450424,Jessie Foulkes
Q1507362,"George Foulkes, Baron Foulkes of Cumnock",spouse,Q75450427,Elizabeth Anna Hope
Q15143059,Maria Elena Boschi,partner,Q1117917,Giulio Berruti
Q15143059,Maria Elena Boschi,partner,Q3615550,Andrea Bruno Savelli
Q1523607,Giga Bokeria,mother,Q253961,Nana Alexandria
Q1524023,Gilbert Mitterrand,child,Q114406855,Pascale Mitterrand
Q1524023,Gilbert Mitterrand,father,Q2038,François Mitterrand
Q1524023,Gilbert Mitterrand,mother,Q270703,Danielle Mitterrand
Q1524023,Gilbert Mitterrand,sibling,Q1684727,Jean-Christophe Mitterrand
Q1524023,Gilbert Mitterrand,sibling,Q462950,Mazarine Pingeot
Q15249537,Marek Černoch,father,Q1729212,Karel Černoch
Q15249537,Marek Černoch,sibling,Q12058717,Tereza Černochová
Q15303869,Patrizia Paoletti Tangheroni,spouse,Q3846513,Marco Tangheroni
Q15700706,Christian Langballe,father,Q6185850,Jesper Langballe
Q15700706,Christian Langballe,spouse,Q112433432,Lone Langballe
Q15791588,Francesco Scoma,father,Q106686910,Carmelo Scoma
Q15991,Luc Van den Brande,child,Q64853871,Barend Van den Brande
Q16062036,Anna Dalara,child,Q60691492,Georgianna Dalara
Q16062036,Anna Dalara,spouse,Q343627,Giorgos Dalaras
Q16187335,Spiros Taliadouros,father,Q18546109,Athanasios Taliadouros
Q16216417,Konstantin Kuhle,sibling,Q1914005,Maximilian Kuhle
Q16370108,Tina Khidasheli,spouse,Q1178707,David Usupashvili
Q16403371,Indrek Saar,spouse,Q12379591,Ülle Lichtfeldt
Q16404146,Küllo Arjakas,father,Q50375232,Heinart Arjakas
Q16404146,Küllo Arjakas,mother,Q50375233,Ada Arjakas
Q164582,Vytautas Landsbergis,child,Q4253865,Vytautas V. Landsbergis
Q164582,Vytautas Landsbergis,father,Q644319,Vytautas Landsbergis-Žemkalnis
Q164582,Vytautas Landsbergis,mother,Q11109641,Ona Jablonskytė-Landsbergienė
Q16572359,Lia Quartapelle,father,Q26253787,Luigi Quartapelle Procopio
Q16572359,Lia Quartapelle,spouse,Q1098092,Claudio Martelli
Q1663445,Ingrīda Labucka,father,Q4088318,Aloizs Blonskis
Q167028,David Wilson,child,Q39073329,Peter Wilson
Q167028,David Wilson,spouse,Q76328112,Natasha Helen Mary Alexander
Q1682219,Jan Simonsen,sibling,Q12011466,Åge Simonsen
Q16933702,Nino Nakashidze,spouse,Q20560227,Ilia Nakashidze
Q16991064,Tuulikki Ukkola,child,Q41792841,Sanna Ukkola
Q16991064,Tuulikki Ukkola,spouse,Q11867812,Jukka Ukkola
Q1701772,"John Smith, Baron Kirkhill",father,Q75959314,Alexander Findlay Smith
Q1701772,"John Smith, Baron Kirkhill",mother,Q75536031,Ann T. Farquharson
Q1701772,"John Smith, Baron Kirkhill",spouse,Q76223007,Frances Mary Walker Reid
Q1711088,"Judith Wilcox, Baroness Wilcox",child,Q105108159,Simon Davenport
Q17318904,Nadiya Savchenko,sibling,Q106357456,Вера Викторовна Савченко
Q17402395,Jože Bernik,spouse,Q28944123,Marija Bevčar Bernik
Q174491,Robert Biedroń,partner,Q28123976,Krzysztof Śmiszek
Q1770438,Ingjerd Schou,spouse,Q4998739,Petter Schou
Q18154342,Nora Katseli,father,Q12882490,Pélos Katséli
Q18154342,Nora Katseli,mother,Q12873274,Aleka Katseli
Q18154342,Nora Katseli,sibling,Q468064,Louka Katseli
Q1822660,Liam Aylward,father,Q4931697,Bob Aylward
Q1822660,Liam Aylward,sibling,Q888438,Bobby Aylward
Q182452,Gennady Zyuganov,child,Q67103659,Leonid Zyuganov
Q18537738,Doru Laurian Bădulescu,child,Q108597241,Raluca Bădulescu
Q18641022,Elena Kountoura,father,Q18668784,Alexandros Kountouras
Q18686248,Cristina Gallach,spouse,Q20003363,Jaume Masdeu
Q18746979,"Simon Russell, 3rd Baron Russell of Liverpool",child,Q76147184,Edward Charles Stanley Russell
Q18746979,"Simon Russell, 3rd Baron Russell of Liverpool",child,Q76147185,William Francis Langley Russell
Q18746979,"Simon Russell, 3rd Baron Russell of Liverpool",child,Q76147187,Leonora Maria Kiloran Russell
Q18746979,"Simon Russell, 3rd Baron Russell of Liverpool",father,Q76180535,Langley Gordon Haslingden Russell
Q18746979,"Simon Russell, 3rd Baron Russell of Liverpool",mother,Q76147212,Kiloran Margaret Howard
Q18746979,"Simon Russell, 3rd Baron Russell of Liverpool",spouse,Q76147182,Gilda F. Albano
Q189435,Vladimir Voronin,child,Q7086161,Oleg Voronin
Q1894821,"Margaret Eaton, Baroness Eaton",child,Q75437396,Yorke Eaton
Q1894821,"Margaret Eaton, Baroness Eaton",spouse,Q76213609,John Eaton
Q1895909,Vangelis Meimarakis,father,Q23048672,Ioannis Meimarakis
Q190884,Viktor Chernomyrdin,spouse,Q96482967,Valentina Fedorovna Chernomyrdina
Q1937560,Mogens Lykketoft,spouse,Q12326829,Mette Holm
Q1937560,Mogens Lykketoft,spouse,Q547422,Jytte Hilden
Q19409554,Isabel Moreira,father,Q4685594,Adriano Moreira
Q19715508,Rovshan Rzayev,father,Q12849665,Şükür Rzayev
Q19725706,Jaak Madison,partner,Q42888606,Merit Männiste
Q19956858,Alex Chalk,father,Q75257810,Gilbert John Chalk
Q19956858,Alex Chalk,mother,Q75470454,Gillian Frances Audrey Blois
Q19993509,Károly Lotz,relative,Q540005,Károly Lotz
Q200015,Vladimir Zhirinovsky,child,Q520016,Igor Lebedev
Q20022488,Kate Osamor,mother,Q53870716,Martha Osamor
Q2047294,Aydin Mirzazade,father,Q16375284,Təmkin
Q2058046,"Patrick Wright, Baron Wright of Richmond",child,Q76317349,Olivia Mary Wright
Q2059478,David Rotem,father,Q6949328,Shekhna Rotem
Q2060455,Mikhail Margelov,father,Q4281196,Vitaly Margelov
Q206471,Borut Pahor,partner,Q29044078,Tanja Pečar
Q20648332,Christina Rees,spouse,Q333869,Ron Davies
Q2073144,"Peta Buscombe, Baroness Buscombe",spouse,Q75521798,Philip John Buscombe
Q2081854,Andriy Shevchenko,spouse,Q5648696,Hanna Homonai
Q20995438,Nina Kasimati,father,Q111961850,Giorgos Kasimatis
Q21044822,Selin Sayek Böke,father,Q6086918,İskender Sayek
Q21044822,Selin Sayek Böke,mother,Q6066031,Füsun Sayek
Q21282088,Krzysztof Mieszkowski,partner,Q9256844,Ewa Skibińska
Q2129725,"Ralph Palmer, 12th Baron Lucas",child,Q75351323,Hannah Rachel Elise Palmer
Q2129725,"Ralph Palmer, 12th Baron Lucas",child,Q75351346,Lewis Edward Palmer
Q2129725,"Ralph Palmer, 12th Baron Lucas",father,Q75351329,Robert Jocelyn Palmer
Q2129725,"Ralph Palmer, 12th Baron Lucas",mother,Q75351331,"Anne Palmer, 10th Baroness Lucas of Crudwell"
Q2129725,"Ralph Palmer, 12th Baron Lucas",spouse,Q75351340,Clarissa Marie Lockett
Q2129725,"Ralph Palmer, 12th Baron Lucas",spouse,Q75351348,Amanda Atha
Q2159731,"Robin Cayzer, 3rd Baron Rotherwick",child,Q75350738,Herbert Robin Cayzer
Q2159731,"Robin Cayzer, 3rd Baron Rotherwick",child,Q75350739,Henry Alexander Cayzer
Q2159731,"Robin Cayzer, 3rd Baron Rotherwick",child,Q75350740,Harriette Jane Cayzer
Q2159731,"Robin Cayzer, 3rd Baron Rotherwick",child,Q76290381,Tommy Christopher Cayzer
Q2159731,"Robin Cayzer, 3rd Baron Rotherwick",child,Q76290382,August Inigo Cayzer
Q2159731,"Robin Cayzer, 3rd Baron Rotherwick",father,Q26208244,"Sir Herbert Cayzer, 2nd Baron Rotherwick"
Q2159731,"Robin Cayzer, 3rd Baron Rotherwick",mother,Q75344863,Sarah Slade
Q2159731,"Robin Cayzer, 3rd Baron Rotherwick",spouse,Q75350734,Sara Jane McAlpine
Q2159731,"Robin Cayzer, 3rd Baron Rotherwick",spouse,Q76259039,Tania Jane Fox
Q217903,Zmago Jelinčič Plemeniti,child,Q18608682,Klemen Jelinčič Boeta
Q222031,Aleksandar Vučić,sibling,Q61746836,Andrej Vučić
Q222031,Aleksandar Vučić,spouse,Q31184838,Tamara Vučić
Q224902,Jozef Banáš,child,Q3501723,Adela Vinczeová
Q2257749,Koos Schouwenaar,father,Q27651886,Arie Jan Schouwenaar
Q2257749,Koos Schouwenaar,mother,Q2366729,Jo Schouwenaar-Franssen
Q229517,Anneli Jäätteenmäki,spouse,Q11866998,Jorma Melleri
Q2357028,Jean-Marie Happart,sibling,Q733331,José Happart
Q2370616,Svatopluk Karásek,sibling,Q26770642,Oldřich Karásek
Q2389114,Raffi Hovannisian,child,Q16210308,Garin Hovannisian
Q2389114,Raffi Hovannisian,father,Q2657741,Richard G. Hovannisian
Q24049120,Alice Mary Higgins,father,Q57276,Michael D. Higgins
Q24049120,Alice Mary Higgins,mother,Q23727205,Sabina Higgins
Q241376,Jutta Urpilainen,father,Q16991079,Kari Urpilainen
Q24176171,Elmira Akhundova,spouse,Q12844912,Ramiz Axundov
Q2422791,Tom Burlison,child,Q76261876,Kevin Burlison
Q2422791,Tom Burlison,child,Q76261877,Robert Burlison
Q2422791,Tom Burlison,child,Q76261878,Lyndsey Burlison
Q2422791,Tom Burlison,father,Q75597309,Robert Burlison
Q2422791,Tom Burlison,mother,Q75597311,Georgina Doige
Q2422791,Tom Burlison,spouse,Q75597306,Valerie Stephenson
Q2439158,Geert Versnick,child,Q61816741,Lauren Versnick
Q245792,Marek Borowski,father,Q7941248,Wiktor Borowski
Q2513525,Shimon Ohayon,sibling,Q6784778,Isaac Ohayon
Q2535449,Philippe Mahoux,relative,Q3379592,Philippe Close
Q255788,Fiamma Nirenstein,mother,Q54811144,Wanda Lattes
Q260092,Inês de Medeiros,father,Q611486,António Victorino de Almeida
Q260092,Inês de Medeiros,sibling,Q235115,Maria de Medeiros
Q260092,Inês de Medeiros,sibling,Q9616397,Anne Victorino de Almeida
Q261120,Margrete Auken,child,Q441594,Ida Auken
Q261120,Margrete Auken,father,Q12314619,Gunnar Auken
Q261120,Margrete Auken,mother,Q6416061,Kirsten Auken
Q261120,Margrete Auken,sibling,Q12314655,Gunvor Auken
Q261120,Margrete Auken,sibling,Q12319223,Jens Auken
Q261120,Margrete Auken,sibling,Q1424299,Svend Auken
Q261120,Margrete Auken,spouse,Q12310272,Erik A. Nielsen
Q2614420,Yisrael Eichler,child,Q107971717,Dov Ieichler
Q261709,Maria Damanaki,spouse,Q16329223,Giorgos Kimoulis
Q264365,Nick Boles,father,Q29843583,Jack Boles
Q264365,Nick Boles,mother,Q76315730,Benita Wormald
Q264365,Nick Boles,relative,Q5311870,Dudley Fishburn
Q264477,Peter Bottomley,child,Q75876314,Hugh Joshua Peter Garnett Bottomley
Q264477,Peter Bottomley,child,Q75876316,Cecilia Peggy Evelyn Horestone Bottomley
Q264477,Peter Bottomley,child,Q76089054,Adela Bottomley
Q264477,Peter Bottomley,father,Q15989858,James Bottomley
Q264477,Peter Bottomley,mother,Q75468348,Barbara Evelyn Vardon
Q264477,Peter Bottomley,spouse,Q332696,Virginia Bottomley
Q264823,Satu Hassi,father,Q16298624,Osmo Hassi
Q267320,Espen Barth Eide,father,Q4803701,Asbjørn Eide
Q267320,Espen Barth Eide,mother,Q16092636,Wenche Barth Eide
Q271715,Christopher Chope,father,Q106777629,Robert Chope
Q275585,Natalya Narochnitskaya,father,Q4313453,Aleksei Narochnitsky
Q275585,Natalya Narochnitskaya,sibling,Q114670318,Ekaterina Narochnitskaya
Q27577960,Simonas Gentvilas,father,Q204847,Eugenijus Gentvilas
Q27999127,Pablo Bustinduy,father,Q23071126,Javier Bustinduy
Q27999127,Pablo Bustinduy,mother,Q3327529,Ángeles Amador Millán
Q285249,Ann Clwyd,spouse,Q16591980,Owen Roberts
Q286466,Charles Goerens,father,Q28045006,Gust Goerens
Q2868553,Astrid Thors,father,Q6209392,Carl-Eric Thors
Q287892,Ana Mato Adrover,sibling,Q548970,Gabriel Mato Adrover
Q287892,Ana Mato Adrover,spouse,Q5930664,Jesús Sepúlveda Recio
Q289350,Ngozi Okonjo-Iweala,child,Q1328771,Uzodinma Iweala
Q289350,Ngozi Okonjo-Iweala,father,Q107237557,Chukwuka Okonjo
Q290689,Nataliya Vitrenko,child,Q16695896,Vitrenko Yuriy Yuriyovytch
Q291502,Stella Creasy,father,Q75716705,Philip Charles Creasy
Q291502,Stella Creasy,mother,Q75716699,Corinna Frances Avril Martin
Q2925398,Brigitte Barèges,father,Q60716680,Jean-Paul Taurines
Q294473,Mihai Ghimpu,sibling,Q7517855,Simion Ghimpu
Q294473,Mihai Ghimpu,spouse,Q37829105,Dina Ghimpu
Q2965912,Christine Defraigne,father,Q466246,Jean Defraigne
Q2978289,Claude Wiseler,spouse,Q64034615,Isabel Wiseler-Santos Lima
Q300243,Nigel Dodds,spouse,Q116719,Diane Dodds
Q3014108,Daniel Goulet,child,Q111685345,Florence Goulet
Q3014108,Daniel Goulet,spouse,Q3336598,Nathalie Goulet
Q3022530,Denis Badré,child,Q2899445,Bertrand Badré
Q30338651,Jacques Maire,father,Q2411194,Edmond Maire
Q30339275,Yolaine de Courson,sibling,Q3142352,Hughes de Courson
Q30348845,Olivier Becht,spouse,Q113951148,Livia Stoica
Q3045610,Mario Onaindia,spouse,Q12257238,Esozi Leturiondo
Q3051927,Eleni Zaroulia,spouse,Q703598,Nikos Michaloliakos
Q30523513,Georgios Kyritsis,spouse,Q12872388,Elena Akrita
Q30526465,Bruno Fuchs,father,Q3168496,Jean-Paul Fuchs
Q30526465,Bruno Fuchs,spouse,Q30560636,Véronique Robert
Q3069484,Fernando Ignacio González Laxe,spouse,Q12399249,Rosa Liaño
Q3080973,Francesco Giro,sibling,Q3293449,Mario Giro
Q311440,António Guterres,father,Q27134799,Virgílio Dias Guterres
Q311440,António Guterres,mother,Q27134820,Ilda Cândida de Oliveira
Q311440,António Guterres,spouse,Q27134642,Luísa Amélia Guimarães e Melo
Q311440,António Guterres,spouse,Q27134712,Catarina Marques de Almeida Vaz Pinto
Q312355,Bakir Izetbegović,father,Q183848,Alija Izetbegović
Q3160663,Jakob Axel Nielsen,relative,Q6007723,K. Axel Nielsen
Q3186126,Josy Dubié,sibling,Q3164935,Jean-Claude Defossé
Q319497,Sergey Sobyanin,relative,Q25390701,Nikolay Ulanov
Q320753,Gilbert Guillaume,child,Q19630999,Marc Guillaume
Q3219088,Laurent Béteille,father,Q3419138,Raoul Béteille
Q3265654,Lucien Neuwirth,spouse,Q34070672,Sophie Huet
Q329776,Øystein Djupedal,father,Q10976890,Reidar Djupedal
Q329776,Øystein Djupedal,sibling,Q4993516,Torkjell Djupedal
Q3309935,Michel Hunault,father,Q3570696,Xavier Hunault
Q3309935,Michel Hunault,sibling,Q63456113,Alain Hunault
Q3321239,Jamila Madeira,father,Q10321441,Luís Filipe Nascimento Madeira
Q3328120,Muriel Marland-Militello,spouse,Q3380317,Philippe Marland
Q332843,"Ann Taylor, Baroness Taylor of Bolton",spouse,Q75450437,David Taylor
Q333554,"Stanley Clinton Davis, Baron Clinton-Davis",child,Q75586576,Henry Davis
Q333554,"Stanley Clinton Davis, Baron Clinton-Davis",child,Q75586578,Joanna Davis
Q333554,"Stanley Clinton Davis, Baron Clinton-Davis",child,Q75586580,Susanna Davis
Q333554,"Stanley Clinton Davis, Baron Clinton-Davis",child,Q75586582,Melissa Davis
Q333554,"Stanley Clinton Davis, Baron Clinton-Davis",father,Q75586568,Sidney Davis
Q333554,"Stanley Clinton Davis, Baron Clinton-Davis",spouse,Q75586571,Frances Jane Lucas
Q333584,"Tony Banks, Baron Stratford",spouse,Q75501304,Sally Jones
Q333754,Russell Johnston,child,Q76261885,Graham Russell-Johnston
Q333754,Russell Johnston,child,Q76261886,David Russell-Johnston
Q333754,Russell Johnston,child,Q76261887,Andrew Russell-Johnston
Q333754,Russell Johnston,father,Q76322782,David Knox Johnston
Q333754,Russell Johnston,mother,Q76322783,Georgina Margaret Gerrie Russell
Q333754,Russell Johnston,spouse,Q76261884,Joan Graham Menzies
Q333991,"John Taylor, Baron Kilclooney",child,Q76142244,Jonathan Taylor
Q333991,"John Taylor, Baron Kilclooney",child,Q76185569,Jane Taylor
Q333991,"John Taylor, Baron Kilclooney",child,Q76185573,Rachel Taylor
Q333991,"John Taylor, Baron Kilclooney",child,Q76185619,Rowena Taylor
Q333991,"John Taylor, Baron Kilclooney",child,Q76185623,Alex Taylor
Q333991,"John Taylor, Baron Kilclooney",child,Q76185626,Hannah Nadia Victoria Taylor
Q333991,"John Taylor, Baron Kilclooney",father,Q76185620,George David Taylor
Q333991,"John Taylor, Baron Kilclooney",mother,Q76185570,Georgina Baird
Q333991,"John Taylor, Baron Kilclooney",spouse,Q76185640,Mary Frances Todd
Q334097,Emma Nicholson,father,Q7526990,"Sir Godfrey Nicholson, 1st Baronet"
Q334097,Emma Nicholson,mother,Q75263083,Lady Katharine Lindsay
Q334097,Emma Nicholson,spouse,Q6830973,Michael Harris Caine
Q334411,"Donald Anderson, Baron Anderson of Swansea",father,Q75382298,David Robert Anderson
Q334411,"Donald Anderson, Baron Anderson of Swansea",mother,Q75382299,Eva Mathias
Q334411,"Donald Anderson, Baron Anderson of Swansea",spouse,Q75454824,Dorothy Trotman
Q334491,Tim Boswell,child,Q20054083,Victoria Prentis
Q3351862,Omar Hejira,father,Q24203093,Abderrahmane Hejira
Q3351862,Omar Hejira,sibling,Q2827676,Ahmed Taoufiq Hejira
Q335873,"Robin Dixon, 3rd Baron Glentoran",child,Q75353035,Daniel George Dixon
Q335873,"Robin Dixon, 3rd Baron Glentoran",child,Q75353037,Andrew Dixon
Q335873,"Robin Dixon, 3rd Baron Glentoran",child,Q75353047,Patrick Anthony Dixon
Q335873,"Robin Dixon, 3rd Baron Glentoran",father,Q5216980,"Daniel Dixon, 2nd Baron Glentoran"
Q335873,"Robin Dixon, 3rd Baron Glentoran",mother,Q75352962,Lady Diana Wellesley
Q335873,"Robin Dixon, 3rd Baron Glentoran",spouse,Q75353034,Rona Colville
Q335873,"Robin Dixon, 3rd Baron Glentoran",spouse,Q75353045,Alwyn Gillian Mason
Q335873,"Robin Dixon, 3rd Baron Glentoran",spouse,Q75353051,Margaret Ann Rainey
Q336121,"Gloria Hooper, Baroness Hooper",father,Q76104670,Frederick Hooper
Q336121,"Gloria Hooper, Baroness Hooper",mother,Q76104672,Frances Maloney
Q336133,"David Chidgey, Baron Chidgey",child,Q76338512,Caitlin Victoria Chidgey
Q336133,"David Chidgey, Baron Chidgey",father,Q75450382,Cyril Cecil Chidgey
Q336133,"David Chidgey, Baron Chidgey",mother,Q75450383,Winifred Hilda Doris Weston
Q336133,"David Chidgey, Baron Chidgey",spouse,Q75450385,April Caroline Idris-Jones
Q336208,"Alexander Scrymgeour, 12th Earl of Dundee",child,Q75331346,"Henry David Scrymgeour-Wedderburn, Viscount Dudhope"
Q336208,"Alexander Scrymgeour, 12th Earl of Dundee",child,Q75350916,Lady Marina Patricia Scrymgeour
Q336208,"Alexander Scrymgeour, 12th Earl of Dundee",child,Q75350918,Lady Flora Hermione Vera Scrymgeour
Q336208,"Alexander Scrymgeour, 12th Earl of Dundee",child,Q75350919,Lady Lavinia Rebecca Elizabeth Scrymgeour
Q336208,"Alexander Scrymgeour, 12th Earl of Dundee",father,Q5728164,"Henry Scrymgeour-Wedderburn, 11th Earl of Dundee"
Q336208,"Alexander Scrymgeour, 12th Earl of Dundee",mother,Q75253803,Patricia Montagu Douglas Scott
Q336208,"Alexander Scrymgeour, 12th Earl of Dundee",spouse,Q75331329,Siobhan Mary Llewellyn
Q336213,"Mark Malloch Brown, Baron Malloch-Brown",child,Q75915698,Maddison Jane Brown
Q336213,"Mark Malloch Brown, Baron Malloch-Brown",child,Q75915699,Isabel Anne Brown
Q336213,"Mark Malloch Brown, Baron Malloch-Brown",father,Q75915693,Robert George Malloch Brown
Q336213,"Mark Malloch Brown, Baron Malloch-Brown",mother,Q75915690,Ursula Elspeth Pelly
Q336213,"Mark Malloch Brown, Baron Malloch-Brown",spouse,Q75915696,Patricia Anne Cronam
Q336408,"Angela Billingham, Baroness Billingham",child,Q61648995,Caroline Billingham
Q336408,"Angela Billingham, Baroness Billingham",child,Q75439051,Zoë Billingham
Q336408,"Angela Billingham, Baroness Billingham",father,Q75439048,Theodore Case
Q336408,"Angela Billingham, Baroness Billingham",mother,Q75439049,Eva Saxby
Q336408,"Angela Billingham, Baroness Billingham",spouse,Q75439045,Anthony Peter Billingham
Q336430,"Richard Fletcher-Vane, 2nd Baron Inglewood",child,Q75350593,Henry William Frederick Fletcher-Vane
Q336430,"Richard Fletcher-Vane, 2nd Baron Inglewood",child,Q76152849,Miranda Mary Fletcher-Vane
Q336430,"Richard Fletcher-Vane, 2nd Baron Inglewood",child,Q76152850,Rosa Katharine Fletcher-Vane
Q336430,"Richard Fletcher-Vane, 2nd Baron Inglewood",father,Q8009155,"William Fletcher-Vane, 1st Baron Inglewood"
Q336430,"Richard Fletcher-Vane, 2nd Baron Inglewood",mother,Q75335731,Mary Proby
Q336430,"Richard Fletcher-Vane, 2nd Baron Inglewood",spouse,Q75350590,Cressida Pemberton-Pigott
Q336930,"David Carnegie, 14th Earl of Northesk",child,Q75281130,Lady Sarah Carnegie
Q336930,"David Carnegie, 14th Earl of Northesk",child,Q75300333,Lady Fiona Carnegie
Q336930,"David Carnegie, 14th Earl of Northesk",child,Q75300335,"Alexander Carnegie, Lord Rosehill"
Q336930,"David Carnegie, 14th Earl of Northesk",child,Q75317021,Lady Sophie Carnegie
Q336930,"David Carnegie, 14th Earl of Northesk",father,Q3938201,"Robert Carnegie, 13th Earl of Northesk"
Q336930,"David Carnegie, 14th Earl of Northesk",mother,Q75300223,Jean MacRae
Q336930,"David Carnegie, 14th Earl of Northesk",spouse,Q75317015,Jacqueline Reid
Q337162,Jill Knight,father,Q75618155,A. E. Christie
Q337162,Jill Knight,mother,Q76236021,Alma Christie
Q337162,Jill Knight,spouse,Q76183326,Montague Knight
Q337582,Tony Wright,child,Q4886730,Ben Wright
Q3376114,Jette F. Christensen,partner,Q21755538,Frithjof Jacobsen
Q340239,Achille Occhetto,spouse,Q3629789,Aureliana Alberici
Q3485303,Sirpa Asko-Seljavaara,father,Q11853409,Aukusti Asko-Avonius
Q3490643,Jaroslava Moserová,sibling,Q17580308,Božena Moserová
Q349477,Mark Eyskens,father,Q14999,Gaston Eyskens
Q349492,Adam Gierek,child,Q19886586,Stanisława Gierek-Ciaciura
Q349492,Adam Gierek,father,Q312185,Edward Gierek
Q349492,Adam Gierek,mother,Q9343588,Stanisława Gierek
Q349492,Adam Gierek,relative,Q28354437,Tatiana Gierek
Q349492,Adam Gierek,spouse,Q9159553,Ariadna Gierek-Łapińska
Q3495796,Árpád Duka-Zólyomi,spouse,Q101242352,Ágnes Sidó
Q3498414,Stepan Demirchyan,father,Q1729248,Karen Demirchyan
Q3561548,Vivian Barbot,father,Q16002951,Clément Barbot
Q3570771,Xavier Pintat,father,Q3165826,Jean-François Pintat
Q3573907,Yves Pozzo di Borgo,spouse,Q33108864,Marella Moretti-Pozzo di Borgo
Q3577025,Anna Benaki-Psarouda,spouse,Q6554744,Linos Benakis
Q3590999,Éric Bocquet,sibling,Q2829584,Alain Bocquet
Q3735691,Eerik-Niiles Kross,father,Q161842,Jaan Kross
Q3735691,Eerik-Niiles Kross,mother,Q432811,Ellen Niit
Q3735691,Eerik-Niiles Kross,sibling,Q12370719,Märten Kross
Q3735691,Eerik-Niiles Kross,spouse,Q6779958,Mary Jordan
Q3736786,Lauri Vahtre,father,Q3738894,Sulev Vahtre
Q3737434,Aleksei Lotman,father,Q360084,Juri Lotman
Q3737434,Aleksei Lotman,mother,Q8066536,Zara Mints
Q3737434,Aleksei Lotman,sibling,Q2012757,Mihhail Lotman
Q3741557,Federica Mogherini,father,Q404356,Flavio Mogherini
Q3777488,John Browne,relative,Q7459466,Seán Browne
Q382096,Georgios Voulgarakis,child,Q61650367,Παυλίνα Βουλγαράκη
Q3846151,Marco Gatti,relative,Q694614,Gabriele Gatti
Q3846151,Marco Gatti,relative,Q694614,Gabriele Gatti
Q3866853,Marcel Oberweis,child,Q106476317,Nathalie Oberweis
Q388442,Dario Franceschini,father,Q3765462,Giorgio Franceschini
Q3915820,Richard Balfe,child,Q76303179,Richard Geoffrey Clement Balfe
Q3915820,Richard Balfe,spouse,Q76303172,Susan Jane Honeyford
Q392241,Sam Gyimah,spouse,Q70093984,Dr Nicky Black
Q4073083,Farkhad Akhmedov,father,Q12846537,Teymur Əhmədov
Q4120886,Leonid Yemets,spouse,Q98080479,Тараторіна Світлана Володимирівна
Q4159652,Umar Dzhabrailov,partner,Q199369,Naomi Campbell
Q4159652,Umar Dzhabrailov,partner,Q287099,Kseniya Sobchak
Q4164146,Igor Dodon,spouse,Q33264614,Galina Dodon
Q4193010,Naira Zohrabyan,spouse,Q16398720,Samvel Mkrtchʻyan
Q4204128,Tytti Isohookana-Asunmaa,spouse,Q56402367,Martti Asunmaa
Q4234749,Leonid Kosakivskyi,spouse,Q85993774,Косаківська Ірина Василівна
Q428214,Christian Bataille,child,Q3021806,Delphine Bataille
Q42852,Abdullah Gül,spouse,Q2657523,Hayrünnisa Gül
Q4309028,Zelimkhan Mutsoyev,sibling,Q17142371,Amirkhan Mori
Q432097,Jan Filip Libicki,father,Q443342,Marcin Libicki
Q432097,Jan Filip Libicki,relative,Q11836209,Stanisław Libicki
Q432097,Jan Filip Libicki,relative,Q17501801,Jacek Libicki
Q43330,Mikheil Saakashvili,mother,Q291721,Giuli Alasania
Q43330,Mikheil Saakashvili,spouse,Q467000,Sandra Roelofs
Q4375286,Alexander Pochinok,spouse,Q21154097,Natalya Pochinok
Q443342,Marcin Libicki,child,Q432097,Jan Filip Libicki
Q443342,Marcin Libicki,father,Q11720300,Janusz Libicki
Q443342,Marcin Libicki,sibling,Q17501801,Jacek Libicki
Q444942,Oksana Bilozir,spouse,Q4086740,Ihor Bilozir
Q444942,Oksana Bilozir,spouse,Q56134161,Roman Nedzelsky
Q445685,Nilde Iotti,child,Q107759616,Marisa Malagodi
Q445685,Nilde Iotti,partner,Q310158,Palmiro Togliatti
Q447895,Giovanna Melandri,sibling,Q507868,Francesca Melandri
Q449851,Mailis Reps,spouse,Q26695744,Agris Repšs
Q4528883,Volodymyr Shcherban,child,Q4528881,Artem Shcherban
Q457128,Bent Høie,partner,Q64797516,Dag Terje Klarp Solvang
Q457128,Bent Høie,spouse,Q64797516,Dag Terje Klarp Solvang
Q458066,Khadija Arib,child,Q69964882,Sabra Dahhan
Q458066,Khadija Arib,child,Q69973701,Ghassan Dahhan
Q458095,Miet Smet,father,Q1917034,Albert Smet
Q458095,Miet Smet,spouse,Q313809,Wilfried Martens
Q460904,María Fernanda Espinosa,spouse,Q56226965,Eduardo Mangas
Q462542,Theodoros Pangalos,father,Q16504364,Georgios Pangalos
Q462542,Theodoros Pangalos,spouse,Q16510486,Christina Christofaki
Q463602,Kristján L. Möller,sibling,Q85970017,Alma Möller
Q464862,Dora Bakoyannis,child,Q100136474,Alexia Bakoyannis
Q464862,Dora Bakoyannis,child,Q14928588,Kostas Bakoyannis
Q464862,Dora Bakoyannis,father,Q312013,Konstantinos Mitsotakis
Q464862,Dora Bakoyannis,mother,Q12880739,Marika Mitsotakis
Q464862,Dora Bakoyannis,sibling,Q23887886,Alexandra Mitsotakis
Q464862,Dora Bakoyannis,sibling,Q552751,Kyriakos Mitsotakis
Q464862,Dora Bakoyannis,sibling,Q65130680,Katerina Mitsotakis
Q464862,Dora Bakoyannis,spouse,Q18534428,Isidoros Kouvelos
Q464862,Dora Bakoyannis,spouse,Q2040292,Pavlos Bakoyannis
Q467464,Katrín Jakobsdóttir,mother,Q56489569,Signy Thoroddsen
Q467464,Katrín Jakobsdóttir,sibling,Q16419286,Ármann Jakobsson
Q467464,Katrín Jakobsdóttir,sibling,Q16428199,Sverrir Jakobsson
Q467905,Miroslav Lajčák,spouse,Q12767847,Jarmila Lajčáková-Hargašová
Q4756115,Andres Herkel,mother,Q50375767,Alide-Johanna Herkel
Q4765498,Anita Apelthun Sæle,child,Q4580282,Finn Ørjan Sæle
Q4765498,Anita Apelthun Sæle,spouse,Q15719705,Finn Jarel Sæle
Q4766346,Ann Cryer,child,Q291615,John Cryer
Q4766346,Ann Cryer,spouse,Q4932182,Bob Cryer
Q4768564,Anne Louhelainen,father,Q11882807,Mikko Vainio
Q4768975,Annelise Høegh,father,Q12713408,Anders Høegh
Q4768975,Annelise Høegh,spouse,Q1481132,Jo Benkow
Q479171,Amber Rudd,child,Q76334559,Flora Gill
Q479171,Amber Rudd,child,Q76334560,Alasdair Gill
Q479171,Amber Rudd,father,Q30555626,Tony Rudd
Q479171,Amber Rudd,mother,Q76318132,Ethne Rudd
Q479171,Amber Rudd,sibling,Q20055544,Roland Rudd
Q479171,Amber Rudd,spouse,Q4647471,A. A. Gill
Q4819628,Aud Blattmann,child,Q12007574,Trond Henry Blattmann
Q4864133,Barry Cowen,father,Q4893027,Bernard Cowen
Q4864133,Barry Cowen,sibling,Q185272,Brian Cowen
Q4960207,Breeda Moynihan-Cronin,father,Q15491096,Michael Moynihan
Q4990909,Eva Zetterberg,father,Q6252124,Åke Zetterberg
Q4990909,Eva Zetterberg,sibling,Q6252092,Olle Zetterberg
Q4992554,Ulla Sandbæk,father,Q12315681,Harald Sandbæk
Q500389,Andreas Schieder,father,Q1274581,Peter Schieder
Q500526,Andreas Schockenhoff,sibling,Q1279368,Eberhard Schockenhoff
Q506257,"Andrew McIntosh, Baron McIntosh of Haringey",child,Q75930900,Francis Robert McIntosh
Q506257,"Andrew McIntosh, Baron McIntosh of Haringey",child,Q76205704,Philip Henry Sargant McIntosh
Q506257,"Andrew McIntosh, Baron McIntosh of Haringey",father,Q76068776,Albert William McIntosh
Q506257,"Andrew McIntosh, Baron McIntosh of Haringey",mother,Q76027861,Helena Agnes Britton
Q506257,"Andrew McIntosh, Baron McIntosh of Haringey",spouse,Q6964695,Naomi Sargant
Q509232,Maret Maripuu,spouse,Q5993313,Igor Gräzin
Q52552037,Mikayel Melkumyan,father,Q13054705,Sergey Melkumyan
Q52552037,Mikayel Melkumyan,sibling,Q63284336,Anahit Melkoumyan
Q527326,Jordi Solé Tura,child,Q930653,Albert Solé i Bruset
Q527326,Jordi Solé Tura,relative,Q6745167,Montserrat Tura i Camafreita
Q527326,Jordi Solé Tura,spouse,Q16183456,Teresa Eulàlia Calzada Isern
Q535290,Marianne Mikko,spouse,Q16407596,Peter Andrekson
Q540812,Frances Fitzgerald,spouse,Q677407,Michael Fitzgerald
Q5411740,José María Robles Fraga,father,Q2939445,Carlos Robles Piquer
Q5411740,José María Robles Fraga,relative,Q276043,Manuel Fraga Iribarne
Q5411740,José María Robles Fraga,relative,Q443141,Carmen Fraga Estévez
Q5411740,José María Robles Fraga,sibling,Q107109914,Carlos Robles Fraga
Q543332,Philippe Séguin,child,Q54890849,Catherine Séguin
Q546215,Morten Løkkegaard,spouse,Q12331096,Paula Larrain
Q546286,Juan Moscoso del Prado,father,Q616344,Javier Moscoso
Q546665,Susanna Huovinen,spouse,Q18633043,Timo Koivisto
Q5473954,Fotini Pipili,relative,Q91854781,Ioannis Pipilis
Q549702,"Anita Gale, Baroness Gale",father,Q76002386,Arthur Gale
Q549702,"Anita Gale, Baroness Gale",mother,Q76002387,Lillian Maud Gale
Q549955,Jan Eliasson,sibling,Q5812519,Roger Holtback
Q5539530,George Furey,child,Q98098468,Andrew Furey
Q556695,Anke Eymer,sibling,Q2561663,Werner Kalinka
Q556695,Anke Eymer,spouse,Q1323060,Ekkehart Eymer
Q5585683,Gordon Prentice,spouse,Q4966745,Bridget Prentice
Q5618906,Gunn Karin Gjul,spouse,Q7845450,Trond Jensrud
Q564328,Annalena Baerbock,spouse,Q106565747,Daniel Holefleisch
Q5667199,Alfonso Sánchez Anaya,spouse,Q5560773,María del Carmen Ramírez García
Q571803,Maciej Giertych,child,Q55937,Roman Giertych
Q57276,Michael D. Higgins,spouse,Q23727205,Sabina Higgins
Q57371,Ilham Aliyev,child,Q106103307,Heydar Aliyev
Q57371,Ilham Aliyev,child,Q23683242,Arzu Aliyeva
Q57371,Ilham Aliyev,child,Q298532,Leyla Aliyeva
Q57371,Ilham Aliyev,father,Q157451,Heydar Aliyev
Q57371,Ilham Aliyev,mother,Q4062333,Zarifa Aliyeva
Q57371,Ilham Aliyev,sibling,Q16374092,Sevil Aliyeva
Q57371,Ilham Aliyev,spouse,Q671930,Mehriban Aliyeva
Q57606,Robert Fico,spouse,Q18042191,Svetlana Ficová
Q57625,Sali Berisha,spouse,Q11757807,Liri Berisha
Q58077,Petro Poroshenko,child,Q18346653,Oleksiy Poroshenko
Q58077,Petro Poroshenko,father,Q4373161,Oleksij Poroschenko
Q58077,Petro Poroshenko,mother,Q28332201,Yevheniia Poroshenko
Q58077,Petro Poroshenko,sibling,Q60251728,Mykhailo Poroshenko
Q58077,Petro Poroshenko,spouse,Q16976525,Maryna Poroshenko
Q58091,Stavros Dimas,child,Q20995398,Christos Dimas
Q58191,Vesna Pusić,father,Q971438,Eugen Pusić
Q591312,Jouko Skinnari,child,Q5485318,Ville Skinnari
Q6010983,Mercedes Guillén Vicente,sibling,Q491635,Subcomandante Marcos
Q6030080,Mikael Oscarsson,sibling,Q18244900,Magnus Oscarsson
Q6061291,Ayşe Gülsün Bilgehan,father,Q3277055,Metin Toker
Q6061291,Ayşe Gülsün Bilgehan,mother,Q6021707,Özden Toker
Q6067727,Şaban Dişli,sibling,Q113084387,Mehmet Dişli
Q6069855,Irina Krohn,father,Q16300117,Kai Krohn
Q6069855,Irina Krohn,mother,Q115631660,Aura Leena Anelma of Salo
Q6069855,Irina Krohn,sibling,Q16300118,Minerva Krohn
Q6069855,Irina Krohn,sibling,Q5395273,Katja Krohn
Q6071042,Mesude Nursuna Memecan,relative,Q372862,Nuri Demirağ
Q6071042,Mesude Nursuna Memecan,spouse,Q7404496,Salih Memecan
Q607189,Ed van Thijn,child,Q111820627,Marion van Thijn
Q607189,Ed van Thijn,child,Q97397508,Carla van Thijn
Q607189,Ed van Thijn,partner,Q2406653,Hedy d'Ancona
Q607189,Ed van Thijn,spouse,Q111820517,Odette Taminiau
Q607189,Ed van Thijn,spouse,Q2673879,Eveline Herfkens
Q6073261,Hikmet Uluğbay,sibling,Q109875830,Ragıp Uluğbay
Q6109579,Jaakko Laakso,child,Q5405446,Tapio Laakso
Q6185850,Jesper Langballe,child,Q15700706,Christian Langballe
Q6185850,Jesper Langballe,relative,Q7666571,Søren Krarup
Q62173,Sabine Leutheusser-Schnarrenberger,father,Q29110336,Horst Leutheusser
Q62173,Sabine Leutheusser-Schnarrenberger,relative,Q74260,Wolfgang Stammberger
Q6240455,Markus Wiechel,mother,Q4968951,Kristina Narfström
Q6242279,John Wilkinson,child,Q76002510,Alexander Denys Lyon Wilkinson y Cienfuegos
Q6242279,John Wilkinson,father,Q75803547,Denys Cooper Wilkinson
Q6242279,John Wilkinson,mother,Q76002529,Gillian Avice Nairn
Q6242279,John Wilkinson,spouse,Q76002508,Beatriz Maria Cecilia Cienfuegos y Ramirez
Q6305233,Kimmo Kiljunen,child,Q11865487,Jaakko Kiljunen
Q6305233,Kimmo Kiljunen,sibling,Q20379124,Vilppu Kiljunen
Q6305233,Kimmo Kiljunen,spouse,Q29419380,Marja-Liisa Kiljunen
Q6376025,Kateřina Jacques,child,Q103702095,Sebastian Jacques
Q6376025,Kateřina Jacques,father,Q79657810,Otakar Pajer
Q6376025,Kateřina Jacques,partner,Q1358861,Martin Bursík
Q6376025,Kateřina Jacques,relative,Q11878748,Emma Smetana
Q6376025,Kateřina Jacques,relative,Q12023037,Jan Roth
Q6376025,Kateřina Jacques,relative,Q47451269,Alan Pajer
Q6376025,Kateřina Jacques,sibling,Q6900210,Monika MacDonagh-Pajerová
Q6376025,Kateřina Jacques,sibling,Q77954454,Oskar Pajer
Q6376025,Kateřina Jacques,spouse,Q1358861,Martin Bursík
Q6376580,Katherine Zappone,spouse,Q19957898,Ann Louise Gilligan
Q64325,"Frederick Ponsonby, 4th Baron Ponsonby of Shulbrede",father,Q7793206,"Thomas Ponsonby, 3rd Baron Ponsonby of Shulbrede"
Q64325,"Frederick Ponsonby, 4th Baron Ponsonby of Shulbrede",mother,Q75310216,Ursula Mary Fox-Pitt
Q6440112,Krzysztof Brejza,father,Q9324613,Ryszard Brejza
Q652581,Haim Ramon,spouse,Q107392998,Vered Ramon-Rivlin
Q65394,Herta Däubler-Gmelin,father,Q1579835,Hans Gmelin
Q65394,Herta Däubler-Gmelin,spouse,Q2589482,Wolfgang Däubler
Q65497226,Takis Hadjidemetriou,sibling,Q12872536,Ēbē Meleagrou
Q65497964,Indrek Meelak,mother,Q22696648,Malle Meelak
Q65498266,Ana Catarina Mendes,sibling,Q115525434,António Mendonça Mendes
Q6551575,Linda Frum,father,Q47582135,Murray Frum
Q6551575,Linda Frum,mother,Q2883940,Barbara Frum
Q6551575,Linda Frum,sibling,Q1174481,David Frum
Q6551575,Linda Frum,spouse,Q15733818,Howard Sokolowski
Q658454,Aryeh Eldad,child,Q6736233,Karni Eldad
Q658454,Aryeh Eldad,father,Q1367305,Israel Eldad
Q66286,Rita Süssmuth,spouse,Q1582720,Hans Süssmuth
Q663987,Paul Giacobbi,father,Q3084722,François Giacobbi
Q6681380,Lorna Milne,spouse,Q7369527,Ross Milne
Q6729801,Magda Kósáné Kovács,child,Q47506708,Judit N. Kósa
Q6755887,Marc Spautz,father,Q1685833,Jean Spautz
Q6762928,Marie-Louise Coleiro Preca,spouse,Q28086248,Edgar Preca
Q677342,Armand De Decker,father,Q3264786,Luc De Decker
Q6829396,Michael Colvin,child,Q75560259,James Michael Beale Cayzer-Colvin
Q6829396,Michael Colvin,child,Q75560269,Amanda Colvin
Q6829396,Michael Colvin,child,Q75560274,Arabella Nichola Colvin
Q6829396,Michael Colvin,father,Q75410969,Ivan Beale Colvin
Q6829396,Michael Colvin,mother,Q75410968,Joyce Frances Arbuthnot
Q6829396,Michael Colvin,spouse,Q75560257,Nichola Cayzer
Q6860572,Miloš Aligrudić,father,Q1256830,Slobodan Aligrudić
Q6900200,Monika Kryemadhi,spouse,Q727132,Ilir Meta
Q695061,Denis MacShane,partner,Q6205457,Joan Smith
Q696669,Cyril Svoboda,relative,Q12018532,Gustav Heidler
Q696669,Cyril Svoboda,sibling,Q95463992,Josef Svoboda
Q696669,Cyril Svoboda,spouse,Q105121421,Věnceslava Svobodová
Q697184,Per Stig Møller,father,Q7235539,Poul Møller
Q697184,Per Stig Møller,mother,Q4968766,Lis Møller
Q701382,Björn von der Esch,child,Q5718882,Carl von der Esch
Q701382,Björn von der Esch,spouse,Q111031903,Signe von der Esch
Q701990,Hisashi Owada,child,Q11552076,Reiko Ikeda
Q701990,Hisashi Owada,child,Q230433,Empress Masako
Q701990,Hisashi Owada,father,Q15059211,Takeo Owada
Q701990,Hisashi Owada,sibling,Q112238566,Makoto Owada
Q701990,Hisashi Owada,sibling,Q11459347,Akira Owada
Q701990,Hisashi Owada,spouse,Q15059261,Yumiko Owada
Q7141779,Paschal Mooney,father,Q6211421,Joe Mooney
Q7192814,Pieter Omtzigt,spouse,Q106322685,Ayfer Koc
Q722579,Vuk Jeremić,relative,Q12756368,Nurija Pozderac
Q737463,Dmitry Rogozin,child,Q16692250,Alexey Rogozin
Q737463,Dmitry Rogozin,father,Q4395590,Oleg Rogozin
Q739001,Azzam al-Ahmad,father,Q79402174,نجيب الأحمد
Q739091,Géza Herczegh,child,Q17278676,Anita Herczegh
Q739091,Géza Herczegh,child,Q17278678,Károly Herczegh
Q739091,Géza Herczegh,spouse,Q17278677,Melinda Petneházy
Q748955,Ian Liddell-Grainger,child,Q75384330,Peter Richard Liddell-Grainger
Q748955,Ian Liddell-Grainger,child,Q75416095,Sophie Victoria Liddell-Grainger
Q748955,Ian Liddell-Grainger,child,Q75416098,May Alexandra Liddell-Grainger
Q748955,Ian Liddell-Grainger,father,Q5236589,David Liddell-Grainger
Q748955,Ian Liddell-Grainger,mother,Q4768537,Anne Liddell-Grainger
Q748955,Ian Liddell-Grainger,spouse,Q75384326,Jill Nesbitt
Q749980,Edward Leigh,child,Q75323899,Benedict Leigh
Q749980,Edward Leigh,child,Q75323901,Marina Leigh
Q749980,Edward Leigh,child,Q75323903,Natalia Leigh
Q749980,Edward Leigh,child,Q75323904,Tamara Leigh
Q749980,Edward Leigh,child,Q75441623,Nicholas Leigh
Q749980,Edward Leigh,child,Q75441624,Theodore Leigh
Q749980,Edward Leigh,father,Q26838548,Neville Leigh
Q749980,Edward Leigh,mother,Q75778076,Denise Branch
Q749980,Edward Leigh,spouse,Q75323889,Mary Goodman
Q772089,Hillevi Engström,sibling,Q4955214,Karin Hübinette
Q781578,Lieve Maes,father,Q1807181,Bob Maes
Q788525,Paul-Eerik Rummo,father,Q12372088,Paul Rummo
Q788525,Paul-Eerik Rummo,sibling,Q16407271,Lea Tormis
Q788525,Paul-Eerik Rummo,spouse,Q2524110,Viiu Härm
Q78869,Alexander Van der Bellen,father,Q24207185,Alexander Van der Bellen
Q78869,Alexander Van der Bellen,mother,Q24207217,Alma Van der Bellen
Q78869,Alexander Van der Bellen,spouse,Q24207527,Doris Schmidauer
Q78869,Alexander Van der Bellen,spouse,Q24232621,Brigitte Van der Bellen
Q78904,Susanne Riess,partner,Q78647,Johannes Hahn
Q78904,Susanne Riess,spouse,Q78647,Johannes Hahn
Q7943966,Viron Polydoras,sibling,Q105191732,Αντώνιος Πολύδωρας
Q823046,Bernardo Sepúlveda Amor,father,Q5726922,Bernardo Sepúlveda Gutiérrez
Q839873,Mátyás Eörsi,father,Q12348439,Gyula Eörsi
Q839873,Mátyás Eörsi,spouse,Q42705381,Katalin Jemnitz
Q848456,László Botka,mother,Q51880438,Lajosné Botka
Q85433,Doris Bures,partner,Q76824347,Wolfgang Jansky
Q870696,Miklós Csapody,sibling,Q92094965,Tamás Csapody
Q879773,Björn von Sydow,mother,Q4981674,Tullia von Sydow
Q9031777,Meritxell Batet,spouse,Q5943076,José María Lassalle
Q917179,Lars Barfoed,spouse,Q12316082,Helle Sjelle
Q919981,Dolores Padierna,spouse,Q1881427,René Bejarano
Q925136,Eduardo Ferro Rodrigues,child,Q10363031,Rita Ferro Rodrigues
Q925136,Eduardo Ferro Rodrigues,father,Q115859603,Eduardo Alberto Ferro Rodrigues
Q925136,Eduardo Ferro Rodrigues,spouse,Q111448806,Maria Filomena Lopes Peixoto de Aguilar
Q9281496,Tomasz Cimoszewicz,father,Q55915,Włodzimierz Cimoszewicz
Q9325008,Ryszard Terlecki,father,Q11797944,Olgierd Terlecki
Q932720,Karol Karski,spouse,Q97275938,Elżbieta Karska
Q958047,Osmo Soininvaara,relative,Q1429047,Taavi Soininvaara
Q958047,Osmo Soininvaara,sibling,Q33990647,Marketta Sundman
Q960356,Bruno Tobback,father,Q928374,Louis Tobback
Q964403,Daniel Ducarme,child,Q3022653,Denis Ducarme
Q965109,Noël Mamère,sibling,Q3173348,Jean Mamère
Q96967,Marieluise Beck,spouse,Q106200,Ralf Fücks
Q97122,Karl Theodor Freiherr von und zu Guttenberg,child,Q102772,Enoch zu Guttenberg
Q97122,Karl Theodor Freiherr von und zu Guttenberg,child,Q75329139,Elizabeth Freiin von und zu Guttenberg
Q97122,Karl Theodor Freiherr von und zu Guttenberg,child,Q75329147,Michaela Freiin von und zu Guttenberg
Q97122,Karl Theodor Freiherr von und zu Guttenberg,child,Q75329157,Benedicta Freiin von und zu Guttenberg
Q97122,Karl Theodor Freiherr von und zu Guttenberg,child,Q75329158,Praxedis Freiin von und zu Guttenberg
Q97122,Karl Theodor Freiherr von und zu Guttenberg,father,Q1376806,Enoch von Guttenberg
Q97122,Karl Theodor Freiherr von und zu Guttenberg,mother,Q1329913,Elisabeth zu Guttenberg
Q97122,Karl Theodor Freiherr von und zu Guttenberg,spouse,Q75329136,Rose-Sofie Prinzessin von Arenberg
Q980323,Namik Dokle,sibling,Q3299797,Zehrudin Dokle
Q981661,Jean-Marie Bockel,child,Q76508050,Pierre Bockel
Q99456,Wolfgang Gehrcke,spouse,Q15794276,Christiane Reymann
